{"scene":"SecondScene", "pos":{"x":503.240601, "y":268.241364}}
