{"scene":"FirstScene", "pos":{"x":751.464478, "y":540.312012}}
