{"scene":"FirstScene", "pos":{"x":-4.514375, "y":399.515076}}
